Grey,#dcdcdc
Grey,#656565
Grey,#464646
Grey,#c2c2c2
Grey,#262626
Grey,#030303
Grey,#0a0a0a
Grey,#c3c3c3
Blue,#1d28ff
Green,#3cafa8
Purple,#9560cc
Green,#075037
Yellow,#e3e7d8
Yellow,#a2a923
Red,#f44215
Grey,#050f06
Red,#7e023c
Blue,#477cf3
Orange,#fb7753
Green,#979533
Green,#d9ddc9
Purple,#8d5eca
Green,#2cfd49
Purple,#813cbd
Green,#14d364
Pink,#fbaca5
Purple,#7f2555
Orange,#f9b133
Purple,#b293e6
Orange,#f09d65
Orange,#c18b0f
Purple,#8c4e8b
Green,#38c99c
Blue,#9cb1c7
Purple,#9a40f1
Purple,#a609a7
Pink,#fc4d8a
Purple,#c010c8
Pink,#f15bde
Pink,#eb66d9
Green,#1ef34a
Orange,#ca7064
Green,#6edd13
Purple,#814faf
Yellow,#c7c26d
Orange,#61442c
Green,#67f496
Purple,#c757d5
Blue,#106a98
Blue,#46239e
Green,#06b09b
Purple,#e1a7f2
Pink,#cc0e65
Pink,#d40491
Blue,#a4bdfa
Green,#30882f
Pink,#f47aad
Blue,#0e9eb4
Green,#475939
Blue,#1a3bad
Green,#83ddb2
Grey,#baaec9
Grey,#8aa28d
Blue,#533eda
Pink,#854f4f
Green,#a2f15e
Purple,#51147a
Green,#347e66
Green,#4b836a
Green,#6abab1
Blue,#4b1edd
Yellow,#b7dd04
Purple,#c196f0
Pink,#e52a6e
Green,#8dce4d
Blue,#02c0cc
Blue,#3cfad5
Red,#793c4b
Yellow,#c2cc24
Orange,#df8d31
Yellow,#f1eba4
Purple,#a18ccb
Pink,#ef95f0
Blue,#4941e7
Yellow,#c4b01e
Blue,#6f9ff5
Red,#da1806
Grey,#120729
Red,#c60e05
Pink,#e382cd
Purple,#793cae
Grey,#310e24
Purple,#5e26bb
Purple,#560673
Blue,#26379d
Green,#206f75
Blue,#0ec4dd
Blue,#119fd0
Purple,#b926fc
Purple,#8d8fd3
Orange,#edaa6e
Purple,#8622c5
Blue,#2d3b96
Blue,#1a86e0
Green,#527900
Grey,#f8daf2
Red,#ec3f3b
Green,#59e013
Green,#22f084
Red,#cc221a
Purple,#9440d5
Pink,#ed437a
Yellow,#d0be07
Grey,#7c6770
Orange,#e1a68a
Grey,#b0909b
Orange,#ef4e0a
Blue,#7c8eee
Blue,#5accea
Grey,#794f5d
Yellow,#f0d12a
Green,#0fa63a
Blue,#43a0e7
Pink,#f82483
Green,#22c159
Yellow,#ddc01a
Pink,#fc1fb6
Green,#72fbd3
Green,#1af539
Purple,#a656d9
Red,#91422f
Grey,#6c5e7b
Orange,#82612d
Green,#83de64
Grey,#110e00
Orange,#605407
Green,#64b460
Blue,#0bf6fc
Purple,#ed5bf5
Red,#953e51
Red,#b51310
Blue,#002474
Blue,#0e30e5
Green,#148301
Blue,#6bb3b7
Purple,#680067
Blue,#1d4bf1
Grey,#525f63
Blue,#17255e
Purple,#8666cf
Orange,#a35444
Green,#4cd541
Green,#68c34d
Blue,#0939a3
Purple,#45194b
Purple,#944a7e
Orange,#ff9863
Green,#0afa42
Grey,#7ec2bf
Yellow,#f5bd32
Green,#9ccd67
Pink,#e0a0a8
Orange,#ba8e27
Green,#338600
Blue,#4612bb
Blue,#0457a0
Green,#18d43b
Yellow,#bdad30
Pink,#f0b5de
Grey,#0a1308
Green,#8ebd82
Green,#166c49
Pink,#dea6b9
Green,#328d96
Pink,#fe236a
Red,#82372b
Yellow,#bae326
Green,#87f03a
Grey,#819cb2
Yellow,#d7e531
Grey,#b19bae
Blue,#064bfb
Purple,#cd3ab8
Red,#ba2349
Green,#61dda7
Purple,#d83fba
Green,#528048
Blue,#32f6f6
Orange,#f29f21
Blue,#24335b
Pink,#be1e77
Grey,#98928f
Pink,#ee5b83
Blue,#011d79
Purple,#c529c3
Blue,#042086
Blue,#4117e5
Orange,#bd9971
Red,#e52a27
Blue,#2f55f1
Green,#17b942
Purple,#7e20c2
Green,#b6c569
Blue,#4d2cba
Pink,#c34494
Pink,#f48db0
Green,#afbc57
Blue,#1007d2
Purple,#8e0bb7
Pink,#eb0a73
Green,#8de37a
Orange,#bb8e37
Red,#d0184b
Purple,#6f3152
Blue,#3638b1
Blue,#6d95e4
Green,#b3f232
Green,#90e97c
Blue,#5170ae
Purple,#e15efe
Green,#45c0bb
Green,#bcee6d
Green,#5ca85b
Green,#04711c
Pink,#cf2e9a
Purple,#d5b3f6
Blue,#253af0
Green,#149786
Pink,#dea1b6
Blue,#246e95
Green,#014a0c
Green,#0ea997
Purple,#7745bd
Blue,#11d2fd
Yellow,#a89e1a
Yellow,#cef982
Purple,#592680
Green,#0ec3a2
Green,#74c8a2
Blue,#3561e7
Green,#48ceb6
Green,#27bcab
Red,#a10524
Grey,#5889b1
Blue,#2798bd
Yellow,#ced89d
Green,#2b7e79
Red,#ae2e3d
Blue,#3e8eda
Pink,#f4a49f
Blue,#0e84aa
Green,#43790d
Grey,#010f08
Yellow,#adac1f
Blue,#09308e
Blue,#472aea
Green,#1aa216
Purple,#b29ac5
Yellow,#d8cf19
Green,#a2cfb0
Yellow,#ede130
